Prénom;Nom;Service;Agence
Paulin;Durand;Commercial;Bordeaux
Aurélia;Petit;Ressources humaines;Bordeaux
Aboubakar;Rousseau;Direction financière;Bordeaux
Eulalie;Perrin;Informatique;Bordeaux
Léna;Lambert;Direction financière;Bordeaux
Olga;Roussel;Marketting;Bordeaux
Sofia;Leroy;Direction financière;Bordeaux
Jana;Dubois;Ressources humaines;Bordeaux
Alfred;Lambert;Direction;Bordeaux
Lino;Lefebvre;Direction financière;Bordeaux
Lea;Lefebvre;Direction financière;Bordeaux
Tanguy;Morin;Achats;Bordeaux
Anthony;Blanc;Marketting;Bordeaux
Demba;Martinez;Commercial;Bordeaux
Alexander;Bertrand;Achats;Bordeaux
Ariane;Andre;Achats;Bordeaux
Noan;Dupont;Commercial;Bordeaux
Iris;Muller;Direction financière;Bordeaux
Inza;Martin;Commercial;Bordeaux
Katell;Morel;Gestion des ressources;Bordeaux
Joséphine;Dubois;Commercial;Bordeaux
Aristide;Blanc;Informatique;Bordeaux
Mouhamed;Morel;Marketting;Bordeaux
Rayane;Roux;Gestion des ressources;Bordeaux
Basile;Durand;Marketting;Bordeaux
Luce;Roussel;Marketting;Bordeaux
Rodrigue;Muller;Commercial;Bordeaux
Hugues;Martinez;Direction;Bordeaux
Liora;Perrin;Commercial;Bordeaux
Nawal;Robin;Commercial;Bordeaux
Orlane;Fournier;Achats;Bordeaux
Shayan;Muller;Achats;Bordeaux
Niamé;Fournier;Gestion des ressources;Bordeaux
Simon;Moreau;Ressources humaines;Bordeaux
Daphnée;Muller;Commercial;Bordeaux
Inza;Mercier;Ressources humaines;Bordeaux
Roman;Blanc;Gestion des ressources;Bordeaux
Tancrède;Dumont;Direction;Bordeaux
Hatem;Dubois;Informatique;Bordeaux
Aliya;Blanc;Commercial;Bordeaux
Souleymane;Legrand;Direction;Bordeaux
Lucy;Fournier;Gestion des ressources;Bordeaux
Tim;Richard;Direction financière;Bordeaux
Fatima;Roux;Marketting;Bordeaux
Anthony;David;Direction financière;Bordeaux
Lyla;David;Commercial;Bordeaux
Robin;Leroy;Comptabilité;Bordeaux
Anatole;Durand;Direction financière;Bordeaux
Laura;Bernard;Informatique;Bordeaux
Shannon;Morin;Direction;Bordeaux
Timéo;Thomas;Comptabilité;Bordeaux
Hawa;Bertrand;Marketting;Bordeaux
Franklin;Henry;Achats;Bordeaux
Elior;Morin;Comptabilité;Bordeaux
Samuel;Rousseau;Comptabilité;Bordeaux
Bastian;David;Comptabilité;Bordeaux
Isabelle;Fontaine;Achats;Bordeaux
Shaïma;Perrin;Gestion des ressources;Bordeaux
Lylia;Perrin;Direction;Bordeaux
Emir;Lambert;Commercial;Bordeaux
Hiba;Laurent;Direction financière;Bordeaux
Juliette;Legrand;Commercial;Bordeaux
Anne-Sophie;Henry;Commercial;Bordeaux
Flavien;Lefevre;Marketting;Bordeaux
Doriane;Dubois;Gestion des ressources;Bordeaux
Sylvia;Thomas;Informatique;Bordeaux
Aude;Blanc;Commercial;Bordeaux
Ylan;Clement;Informatique;Bordeaux
Elizabeth;Mercier;Ressources humaines;Bordeaux
Enola;Mathieu;Direction financière;Bordeaux
Adil;Garnier;Ressources humaines;Bordeaux
Angelo;Blanc;Informatique;Bordeaux
Haron;Legrand;Commercial;Bordeaux
Coline;Leroy;Achats;Bordeaux
Filipe;Moreau;Gestion des ressources;Bordeaux
Gianni;Morin;Marketting;Bordeaux
Yann;Lambert;Ressources humaines;Bordeaux
Christophe;Richard;Ressources humaines;Bordeaux
Anass;Lambert;Comptabilité;Bordeaux
Malone;Moreau;Direction financière;Bordeaux
Hermine;Laurent;Direction financière;Bordeaux
Etienne;Simon;Commercial;Bordeaux
Timothé;Garcia;Direction financière;Bordeaux
Naïm;Lefevre;Ressources humaines;Bordeaux
Melissa;Roux;Direction financière;Bordeaux
Leslie;Legrand;Marketting;Bordeaux
Hafsa;Robert;Direction financière;Bordeaux
Thibault;Dumont;Achats;Bordeaux
Farouk;Simon;Commercial;Bordeaux
Malia;Muller;Achats;Bordeaux
Dora;Mercier;Marketting;Bordeaux
Mayane;Fournier;Marketting;Bordeaux
Cyprien;Bernard;Gestion des ressources;Bordeaux
Aviel;Faure;Comptabilité;Bordeaux
Céline;Fontaine;Commercial;Bordeaux
Samantha;Thomas;Ressources humaines;Bordeaux
Matheo;Mathieu;Ressources humaines;Bordeaux
Anouck;Durand;Gestion des ressources;Bordeaux
Lucille;Michel;Commercial;Bordeaux
Christophe;Martin;Informatique;Bordeaux
Pascal;Simon;Direction;Bordeaux
Anna;Dupont;Direction financière;Bordeaux
Aïssatou;Roussel;Direction financière;Bordeaux
Moustafa;Guerin;Direction financière;Bordeaux
Elisabeth;Bonnet;Commercial;Bordeaux
Alisha;Robert;Commercial;Bordeaux
Yohann;Morel;Marketting;Bordeaux
Liora;Morel;Commercial;Bordeaux
Brice;Bertrand;Comptabilité;Bordeaux
Andrea;Martin;Commercial;Bordeaux
Bilal;Rousseau;Marketting;Bordeaux
Marwan;Michel;Comptabilité;Bordeaux
Inza;Gauthier;Marketting;Bordeaux
Aline;Mercier;Direction financière;Angers
Saul;Martin;Ressources humaines;Angers
Léanne;Fontaine;Ressources humaines;Angers
Selim;Garnier;Informatique;Angers
Pétronille;Girard;Marketting;Angers
Diana;Gauthier;Direction financière;Angers
Ibrahima;Leroy;Comptabilité;Angers
Emily;Garnier;Ressources humaines;Angers
Warren;Perrin;Marketting;Angers
Ludovic;Perrin;Informatique;Angers
Binta;David;Ressources humaines;Angers
Alisha;Morel;Ressources humaines;Brest
Souleyman;Bonnet;Comptabilité;Brest
Élodie;Laurent;Direction;Brest
Bilel;Rousseau;Gestion des ressources;Brest
Mahaut;Roux;Comptabilité;Brest
Eliahou;Roussel;Informatique;Brest
Matthieu;Rousseau;Direction financière;Brest
Ilian;Michel;Direction;Brest
Jad;David;Gestion des ressources;Brest
Benoit;Morel;Direction financière;Brest
Ricardo;Morel;Ressources humaines;Brest
Kyliann;Lambert;Gestion des ressources;Brest
Roxanne;Chevalier;Achats;Brest
Elia;Garnier;Informatique;Brest
Lucille;Dubois;Marketting;Brest
Ambroise;Chevalier;Informatique;Brest
Maïa;Clement;Ressources humaines;Caen
Gabrielle;David;Ressources humaines;Caen
Clément;Morel;Achats;Caen
Charlotte;Morel;Comptabilité;Caen
Hatem;Rousseau;Informatique;Caen
Amélia;Durand;Direction;Caen
Aleksandra;Garnier;Ressources humaines;Caen
Thelma;Bonnet;Commercial;Caen
Luca;Garnier;Direction financière;Caen
Célina;Faure;Achats;Caen
Hélios;Bertrand;Marketting;Caen
Imene;Lopez;Ressources humaines;Caen
Marcel;Morel;Commercial;Caen
Moustapha;Moreau;Marketting;Caen
Manuel;Henry;Commercial;Caen
Lyne;Gauthier;Direction financière;Dunkerque
Alba;Lefebvre;Direction;Dunkerque
Yannis;Roussel;Commercial;Dunkerque
Alixe;Richard;Informatique;Dunkerque
Camelia;Dupont;Achats;Dunkerque
Lital;Muller;Achats;Dunkerque
Andreas;Faure;Comptabilité;Dunkerque
Pétronille;Perrin;Ressources humaines;Dunkerque
Noâm;Garcia;Ressources humaines;Dunkerque
Salma;Moreau;Marketting;Dunkerque
Waël;Fontaine;Comptabilité;Limoges
Honoré;Andre;Gestion des ressources;Limoges
Éric;Morin;Marketting;Limoges
Anna;Martin;Informatique;Limoges
Arsène;Leroy;Gestion des ressources;Limoges
Barbara;Perrin;Direction financière;Limoges
Izia;Robin;Marketting;Limoges
Jawad;Morel;Direction financière;Limoges
Cyrus;Lopez;Gestion des ressources;Limoges
Nathalie;Girard;Commercial;Limoges
Waël;Muller;Informatique;Lyon
Elouan;Mathieu;Comptabilité;Lyon
Luke;Martinez;Direction financière;Lyon
Pedro;Bonnet;Direction;Lyon
Tiphaine;Martin;Comptabilité;Lyon
Leslie;Lopez;Comptabilité;Lyon
Adel;Robert;Direction;Lyon
Louison;Andre;Gestion des ressources;Lyon
Monica;Bernard;Commercial;Lyon
Éloïse;Muller;Direction;Lyon
Sylvia;Andre;Marketting;Lyon
Alexandra;Fontaine;Informatique;Lyon
Clothilde;Faure;Ressources humaines;Lyon
Kyliann;Garnier;Informatique;Lyon
Maïssa;Morel;Gestion des ressources;Lyon
Clémentine;David;Marketting;Lyon
Mina;Legrand;Marketting;Lyon
Paul-Antoine;Leroy;Direction;Marseille
Abigaëlle;Dumont;Direction financière;Marseille
Ilan;Blanc;Marketting;Marseille
Thibaud;Morin;Comptabilité;Marseille
Kenzo;Faure;Marketting;Marseille
Ludmila;Henry;Direction;Marseille
Jibril;Bonnet;Achats;Marseille
Riad;Martin;Direction;Marseille
Stéphane;Henry;Ressources humaines;Marseille
Dora;Martinez;Direction;Marseille
Loïc;Girard;Direction financière;Marseille
Ysé;Robert;Marketting;Marseille
Gabrielle;David;Commercial;Marseille
Mahé;Gauthier;Marketting;Marseille
Clovis;Morin;Comptabilité;Marseille
Ramata;Thomas;Informatique;Marseille
Ysée;Roussel;Commercial;Marseille
Arwa;Simon;Informatique;Marseille
Aziz;Legrand;Direction;Marseille
Eric;Petit;Gestion des ressources;Marseille
Maylis;Legrand;Informatique;Metz
Deborah;Legrand;Ressources humaines;Metz
Augustin;Guerin;Comptabilité;Metz
Aymane;Fournier;Informatique;Metz
Célian;Petit;Gestion des ressources;Metz
Elise;Lefebvre;Achats;Metz
Aude;Henry;Achats;Metz
Guillemette;Petit;Gestion des ressources;Metz
Quitterie;Durand;Marketting;Metz
Victorien;Legrand;Ressources humaines;Metz
Alpha;Morin;Marketting;Metz
Raphaëlle;Roux;Ressources humaines;Metz
Quitterie;Mathieu;Direction;Metz
Mahaut;Perrin;Direction;Metz
Ewen;Martin;Marketting;Metz
Maylis;Garnier;Gestion des ressources;Nantes
Titouan;Bernard;Direction;Nantes
Haby;Simon;Achats;Nantes
Mélodie;Michel;Comptabilité;Nantes
Elina;Robin;Commercial;Nantes
Maria;Chevalier;Direction;Nantes
Matthias;Blanc;Direction;Nantes
Rose;Legrand;Ressources humaines;Nantes
Anouck;Muller;Direction;Nantes
Luc;Bonnet;Marketting;Nantes
Floriane;Mercier;Commercial;Nantes
Noélie;Robin;Commercial;Paris
Naomie;Guerin;Direction;Paris
Kenan;Martin;Marketting;Paris
Constant;Roux;Direction;Paris
Shayna;Gauthier;Commercial;Paris
Youssouf;Lefevre;Direction financière;Paris
Yaya;Dumont;Achats;Paris
Eyal;Fournier;Informatique;Paris
Juliana;Dupont;Comptabilité;Paris
Hawa;Clement;Gestion des ressources;Paris
Assa;Roussel;Informatique;Paris
Flavien;Bertrand;Marketting;Paris
Stan;Andre;Achats;Paris
Shérine;Simon;Marketting;Paris
Ashley;Lopez;Ressources humaines;Paris
Léane;Martin;Ressources humaines;Paris
Maïssane;Garnier;Informatique;Paris
Nino;Garcia;Comptabilité;Paris
Mustapha;Andre;Marketting;Paris
Djénéba;Martin;Achats;Paris
Rami;Laurent;Ressources humaines;Pau
Lyla;Andre;Achats;Pau
Imrane;Guerin;Direction financière;Pau
Nil;Fontaine;Direction financière;Pau
Faustine;Henry;Achats;Pau
Harouna;Blanc;Direction;Pau
Moïse;Lambert;Achats;Pau
Melvin;Thomas;Marketting;Pau
Hélios;Durand;Commercial;Pau
Étienne;Martin;Ressources humaines;Pau
Mody;Roux;Comptabilité;Pau
Alycia;Legrand;Comptabilité;Pau
Pol;Faure;Direction;Pau
Noam;Laurent;Ressources humaines;Pau
Jihane;Garnier;Comptabilité;Pau
Idrissa;Rousseau;Direction;Saint-Malo
Aviel;Petit;Comptabilité;Saint-Malo
Leelou;David;Achats;Saint-Malo
Julien;Morel;Gestion des ressources;Saint-Malo
Quentin;Dumont;Gestion des ressources;Saint-Malo
Malek;Dupont;Direction financière;Saint-Malo
Shanon;Laurent;Comptabilité;Saint-Malo
Nil;Andre;Marketting;Saint-Malo
Hiba;David;Ressources humaines;Saint-Malo
Danaé;Durand;Informatique;Saint-Malo
Paula;Dubois;Informatique;Saint-Malo
Tidiane;Faure;Comptabilité;Saint-Malo
Theo;Morin;Achats;Saint-Malo
Nelya;Lefebvre;Direction;Saint-Malo
Ornella;Roussel;Achats;Saint-Malo
Dan;Durand;Gestion des ressources;Strasbourg
Gaëtan;Chevalier;Informatique;Strasbourg
Rokia;Dumont;Direction financière;Strasbourg
Aydan;Robin;Comptabilité;Strasbourg
Luke;Henry;Gestion des ressources;Strasbourg
Elora;Guerin;Direction financière;Strasbourg
Sirine;Leroy;Commercial;Strasbourg
Malia;Lefebvre;Marketting;Strasbourg
Killian;Garnier;Comptabilité;Strasbourg
Ben;Lopez;Direction financière;Strasbourg
Romain;Lambert;Comptabilité;Strasbourg
Alma;Fournier;Ressources humaines;Strasbourg
Pierre-Antoine;Guerin;Direction;Strasbourg
Joël;Morel;Marketting;Strasbourg
Virgile;Lefebvre;Marketting;Strasbourg
Lison;Mercier;Comptabilité;Strasbourg
Luca;Laurent;Ressources humaines;Toulouse
Alistair;Lefevre;Comptabilité;Toulouse
Jayden;Dupont;Commercial;Toulouse
Faustine;Bonnet;Direction financière;Toulouse
Harouna;Leroy;Gestion des ressources;Toulouse
Aron;Bertrand;Commercial;Toulouse
Térence;Garcia;Gestion des ressources;Toulouse
Castille;Petit;Direction;Toulouse
Robin;Chevalier;Gestion des ressources;Toulouse
Aksel;Robin;Direction financière;Toulouse
Johnny;Laurent;Commercial;Toulouse
Joanna;Bonnet;Direction;Toulouse
Célestine;Robin;Marketting;Toulouse
Idrissa;David;Marketting;Toulouse
Elodie;Petit;Gestion des ressources;Toulouse
Liora;Guerin;Comptabilité;Tours
Safiya;Thomas;Achats;Tours
Mattéo;Perrin;Direction;Tours
Eliana;Morin;Direction;Tours
Moïra;Legrand;Commercial;Tours
Yacouba;Legrand;Ressources humaines;Tours
Badis;Moreau;Commercial;Tours
Marianne;Mathieu;Direction financière;Tours
Asmaa;Moreau;Marketting;Tours
Natasha;Lefebvre;Direction;Tours
Briac;Legrand;Gestion des ressources;Tours
Elisa;Simon;Ressources humaines;Tours
Ibrahim;Thomas;Achats;Tours
Naïla;Roux;Commercial;Tours
Antonio;Girard;Direction financière;Tours
